run_id,size,method,test_curve,stage,start_step,end_step,n_points,rmse,mae,prede,mean_signed_error
cross_schedule_cosine_train,25,tissue,wsd_20000_24000.csv,warmup_or_start,0,2160,0,nan,nan,nan,nan
cross_schedule_cosine_train,25,tissue,wsd_20000_24000.csv,post_warmup_stable,2160,20000,139,0.018662887198367454,0.015313148774455278,0.004472017162690453,0.014193944595477345
cross_schedule_cosine_train,25,tissue,wsd_20000_24000.csv,decay,20000,24000,31,0.015987749386910766,0.011864195593437129,0.003563509885846293,0.007267016003093781
cross_schedule_cosine_train,25,tissue,wsd_20000_24000.csv,long_horizon,24000,,0,nan,nan,nan,nan
cross_schedule_cosine_train,25,tissue,wsdld_20000_24000.csv,warmup_or_start,0,2160,0,nan,nan,nan,nan
cross_schedule_cosine_train,25,tissue,wsdld_20000_24000.csv,post_warmup_stable,2160,20000,139,0.018662887198367454,0.015313148774455278,0.004472017162690453,0.014193944595477345
cross_schedule_cosine_train,25,tissue,wsdld_20000_24000.csv,decay,20000,24000,31,0.02020062218072164,0.01680560187286701,0.005033439131645317,0.01603842292503334
cross_schedule_cosine_train,25,tissue,wsdld_20000_24000.csv,long_horizon,24000,,0,nan,nan,nan,nan
cross_schedule_cosine_train,25,tissue,constant_72000.csv,warmup_or_start,0,2160,0,nan,nan,nan,nan
cross_schedule_cosine_train,25,tissue,constant_72000.csv,post_warmup_stable,2160,20000,140,0.018790680343787756,0.015431713217706394,0.004507725419780825,0.014320503354292588
cross_schedule_cosine_train,25,tissue,constant_72000.csv,decay,20000,24000,31,0.035981049703944896,0.03593775466946723,0.010705333508783603,0.03593775466946723
cross_schedule_cosine_train,25,tissue,constant_72000.csv,long_horizon,24000,,375,0.058019106003697835,0.05739169571463217,0.017462139725355177,0.05739169571463217
cross_schedule_cosine_train,25,tissue,cosine_72000.csv,warmup_or_start,0,2160,0,nan,nan,nan,nan
cross_schedule_cosine_train,25,tissue,cosine_72000.csv,post_warmup_stable,2160,20000,140,0.013775393747514863,0.012244212743645663,0.0035239986829279212,0.007412711529953743
cross_schedule_cosine_train,25,tissue,cosine_72000.csv,decay,20000,24000,31,0.021982450994507116,0.021968502035701765,0.006554182932143854,0.021968502035701765
cross_schedule_cosine_train,25,tissue,cosine_72000.csv,long_horizon,24000,,375,0.019038001265507812,0.018916288775798894,0.0058062297261416455,0.018916288775798894
cross_schedule_cosine_train,25,tissue,wsdcon_3.csv,warmup_or_start,0,2160,0,nan,nan,nan,nan
cross_schedule_cosine_train,25,tissue,wsdcon_3.csv,post_warmup_stable,2160,20000,95,0.023368235035088215,0.017412883325474,0.005064640119698708,-0.016041070019250907
cross_schedule_cosine_train,25,tissue,wsdcon_3.csv,decay,20000,24000,0,nan,nan,nan,nan
cross_schedule_cosine_train,25,tissue,wsdcon_3.csv,long_horizon,24000,,0,nan,nan,nan,nan
cross_schedule_cosine_train,25,tissue,wsdcon_18.csv,warmup_or_start,0,2160,0,nan,nan,nan,nan
cross_schedule_cosine_train,25,tissue,wsdcon_18.csv,post_warmup_stable,2160,20000,95,0.004575851768505522,0.0036949755300860255,0.0010474227523273995,-0.0016912963771131455
cross_schedule_cosine_train,25,tissue,wsdcon_18.csv,decay,20000,24000,0,nan,nan,nan,nan
cross_schedule_cosine_train,25,tissue,wsdcon_18.csv,long_horizon,24000,,0,nan,nan,nan,nan
cross_schedule_cosine_train,25,tissue_plus_ridge,wsd_20000_24000.csv,warmup_or_start,0,2160,0,nan,nan,nan,nan
cross_schedule_cosine_train,25,tissue_plus_ridge,wsd_20000_24000.csv,post_warmup_stable,2160,20000,139,0.04004589635530929,0.03935280098651415,0.011319405157988278,0.03935280098651415
cross_schedule_cosine_train,25,tissue_plus_ridge,wsd_20000_24000.csv,decay,20000,24000,31,0.013600345087116382,0.012828438197322009,0.003883354365397469,-0.008931867773448418
cross_schedule_cosine_train,25,tissue_plus_ridge,wsd_20000_24000.csv,long_horizon,24000,,0,nan,nan,nan,nan
cross_schedule_cosine_train,25,tissue_plus_ridge,wsdld_20000_24000.csv,warmup_or_start,0,2160,0,nan,nan,nan,nan
cross_schedule_cosine_train,25,tissue_plus_ridge,wsdld_20000_24000.csv,post_warmup_stable,2160,20000,139,0.04004589635530929,0.03935280098651415,0.011319405157988278,0.03935280098651415
cross_schedule_cosine_train,25,tissue_plus_ridge,wsdld_20000_24000.csv,decay,20000,24000,31,0.011186913989236734,0.00964436803010793,0.0029071824095911183,-0.0022335054296650754
cross_schedule_cosine_train,25,tissue_plus_ridge,wsdld_20000_24000.csv,long_horizon,24000,,0,nan,nan,nan,nan
cross_schedule_cosine_train,25,tissue_plus_ridge,constant_72000.csv,warmup_or_start,0,2160,0,nan,nan,nan,nan
cross_schedule_cosine_train,25,tissue_plus_ridge,constant_72000.csv,post_warmup_stable,2160,20000,140,0.053429107647343745,0.051802774505737045,0.014938967610190706,0.051802774505737045
cross_schedule_cosine_train,25,tissue_plus_ridge,constant_72000.csv,decay,20000,24000,31,0.07268577486286153,0.07267081707857467,0.021646502110014187,0.07267081707857467
cross_schedule_cosine_train,25,tissue_plus_ridge,constant_72000.csv,long_horizon,24000,,375,0.08402400310451665,0.08397028670574418,0.02552715017428719,0.08397028670574418
cross_schedule_cosine_train,25,tissue_plus_ridge,cosine_72000.csv,warmup_or_start,0,2160,0,nan,nan,nan,nan
cross_schedule_cosine_train,25,tissue_plus_ridge,cosine_72000.csv,post_warmup_stable,2160,20000,140,0.020276181943927156,0.017906198173791885,0.0051940424352670215,0.015464047036301604
cross_schedule_cosine_train,25,tissue_plus_ridge,cosine_72000.csv,decay,20000,24000,31,0.03137162833828464,0.03136117459821732,0.009356343912146188,0.03136117459821732
cross_schedule_cosine_train,25,tissue_plus_ridge,cosine_72000.csv,long_horizon,24000,,375,0.028454311440687195,0.028329046876484066,0.008696112623187117,0.028329046876484066
cross_schedule_cosine_train,25,tissue_plus_ridge,wsdcon_3.csv,warmup_or_start,0,2160,0,nan,nan,nan,nan
cross_schedule_cosine_train,25,tissue_plus_ridge,wsdcon_3.csv,post_warmup_stable,2160,20000,95,0.03174117903070247,0.02968390795365775,0.008429574867307967,-0.004728973899302976
cross_schedule_cosine_train,25,tissue_plus_ridge,wsdcon_3.csv,decay,20000,24000,0,nan,nan,nan,nan
cross_schedule_cosine_train,25,tissue_plus_ridge,wsdcon_3.csv,long_horizon,24000,,0,nan,nan,nan,nan
cross_schedule_cosine_train,25,tissue_plus_ridge,wsdcon_18.csv,warmup_or_start,0,2160,0,nan,nan,nan,nan
cross_schedule_cosine_train,25,tissue_plus_ridge,wsdcon_18.csv,post_warmup_stable,2160,20000,95,0.02022476961819162,0.01842297462103348,0.005132163940046993,0.006531959433321292
cross_schedule_cosine_train,25,tissue_plus_ridge,wsdcon_18.csv,decay,20000,24000,0,nan,nan,nan,nan
cross_schedule_cosine_train,25,tissue_plus_ridge,wsdcon_18.csv,long_horizon,24000,,0,nan,nan,nan,nan
cross_schedule_cosine_train,25,tissue_plus_fsl_light,wsd_20000_24000.csv,warmup_or_start,0,2160,0,nan,nan,nan,nan
cross_schedule_cosine_train,25,tissue_plus_fsl_light,wsd_20000_24000.csv,post_warmup_stable,2160,20000,139,0.04440475401566365,0.04269636870335441,0.012317459852871724,0.04269636870335441
cross_schedule_cosine_train,25,tissue_plus_fsl_light,wsd_20000_24000.csv,decay,20000,24000,31,0.0161137637093568,0.011953515252186726,0.0035902638561063327,0.00738395664537896
cross_schedule_cosine_train,25,tissue_plus_fsl_light,wsd_20000_24000.csv,long_horizon,24000,,0,nan,nan,nan,nan
cross_schedule_cosine_train,25,tissue_plus_fsl_light,wsdld_20000_24000.csv,warmup_or_start,0,2160,0,nan,nan,nan,nan
cross_schedule_cosine_train,25,tissue_plus_fsl_light,wsdld_20000_24000.csv,post_warmup_stable,2160,20000,139,0.04440103371372468,0.04269249952987645,0.012316354245647466,0.04269249952987645
cross_schedule_cosine_train,25,tissue_plus_fsl_light,wsdld_20000_24000.csv,decay,20000,24000,31,0.020319903691865884,0.016914840848548097,0.005066194015616526,0.01617073943255299
cross_schedule_cosine_train,25,tissue_plus_fsl_light,wsdld_20000_24000.csv,long_horizon,24000,,0,nan,nan,nan,nan
cross_schedule_cosine_train,25,tissue_plus_fsl_light,constant_72000.csv,warmup_or_start,0,2160,0,nan,nan,nan,nan
cross_schedule_cosine_train,25,tissue_plus_fsl_light,constant_72000.csv,post_warmup_stable,2160,20000,140,0.0443895964258183,0.04266666006166672,0.012312894980026906,0.04266666006166672
cross_schedule_cosine_train,25,tissue_plus_fsl_light,constant_72000.csv,decay,20000,24000,31,0.06442587769866541,0.06440153439793866,0.019183580135893608,0.06440153439793866
cross_schedule_cosine_train,25,tissue_plus_fsl_light,constant_72000.csv,long_horizon,24000,,375,0.086375813151045,0.08595168168511531,0.026142443285939815,0.08595168168511531
cross_schedule_cosine_train,25,tissue_plus_fsl_light,cosine_72000.csv,warmup_or_start,0,2160,0,nan,nan,nan,nan
cross_schedule_cosine_train,25,tissue_plus_fsl_light,cosine_72000.csv,post_warmup_stable,2160,20000,140,0.013749996378984398,0.012229004141922054,0.0035197493597065176,0.007505367787551433
cross_schedule_cosine_train,25,tissue_plus_fsl_light,cosine_72000.csv,decay,20000,24000,31,0.021971487419379033,0.02195745699155587,0.006550890284077231,0.02195745699155587
cross_schedule_cosine_train,25,tissue_plus_fsl_light,cosine_72000.csv,long_horizon,24000,,375,0.01903031686933408,0.01890759716333178,0.0058035139297904405,0.01890759716333178
cross_schedule_cosine_train,25,tissue_plus_fsl_light,wsdcon_3.csv,warmup_or_start,0,2160,0,nan,nan,nan,nan
cross_schedule_cosine_train,25,tissue_plus_fsl_light,wsdcon_3.csv,post_warmup_stable,2160,20000,95,0.030523551592520525,0.029601973079570906,0.008397398635983218,-0.0022019278931369557
cross_schedule_cosine_train,25,tissue_plus_fsl_light,wsdcon_3.csv,decay,20000,24000,0,nan,nan,nan,nan
cross_schedule_cosine_train,25,tissue_plus_fsl_light,wsdcon_3.csv,long_horizon,24000,,0,nan,nan,nan,nan
cross_schedule_cosine_train,25,tissue_plus_fsl_light,wsdcon_18.csv,warmup_or_start,0,2160,0,nan,nan,nan,nan
cross_schedule_cosine_train,25,tissue_plus_fsl_light,wsdcon_18.csv,post_warmup_stable,2160,20000,95,0.020124048484798054,0.01585598835374352,0.004372485848508652,0.012114722920359935
cross_schedule_cosine_train,25,tissue_plus_fsl_light,wsdcon_18.csv,decay,20000,24000,0,nan,nan,nan,nan
cross_schedule_cosine_train,25,tissue_plus_fsl_light,wsdcon_18.csv,long_horizon,24000,,0,nan,nan,nan,nan
cross_schedule_cosine_train,25,mpl,wsd_20000_24000.csv,warmup_or_start,0,2160,0,nan,nan,nan,nan
cross_schedule_cosine_train,25,mpl,wsd_20000_24000.csv,post_warmup_stable,2160,20000,139,0.005284240610281755,0.0034108493094301873,0.0009557878452337896,-0.002611037384617201
cross_schedule_cosine_train,25,mpl,wsd_20000_24000.csv,decay,20000,24000,31,0.017963239844643115,0.017578319425644,0.005321675296287101,-0.017578319425644
cross_schedule_cosine_train,25,mpl,wsd_20000_24000.csv,long_horizon,24000,,0,nan,nan,nan,nan
cross_schedule_cosine_train,25,mpl,wsdld_20000_24000.csv,warmup_or_start,0,2160,0,nan,nan,nan,nan
cross_schedule_cosine_train,25,mpl,wsdld_20000_24000.csv,post_warmup_stable,2160,20000,139,0.005284240610281755,0.0034108493094301873,0.0009557878452337896,-0.002611037384617201
cross_schedule_cosine_train,25,mpl,wsdld_20000_24000.csv,decay,20000,24000,31,0.015551879938959458,0.014821706978062217,0.0044743805948943595,-0.014821706978062217
cross_schedule_cosine_train,25,mpl,wsdld_20000_24000.csv,long_horizon,24000,,0,nan,nan,nan,nan
cross_schedule_cosine_train,25,mpl,constant_72000.csv,warmup_or_start,0,2160,0,nan,nan,nan,nan
cross_schedule_cosine_train,25,mpl,constant_72000.csv,post_warmup_stable,2160,20000,140,0.005293818112598397,0.003432835919164396,0.0009627168938700213,-0.0026387369366715025
cross_schedule_cosine_train,25,mpl,constant_72000.csv,decay,20000,24000,31,0.006005684982690907,0.0059557114320056195,0.0017740708719846006,-0.0059557114320056195
cross_schedule_cosine_train,25,mpl,constant_72000.csv,long_horizon,24000,,375,0.009942060649050047,0.009776419075848482,0.0029751231273440234,-0.009776419075848482
cross_schedule_cosine_train,25,mpl,cosine_72000.csv,warmup_or_start,0,2160,0,nan,nan,nan,nan
cross_schedule_cosine_train,25,mpl,cosine_72000.csv,post_warmup_stable,2160,20000,140,0.010339246243285943,0.007628853169555889,0.0021422745780225994,-0.007628853169555889
cross_schedule_cosine_train,25,mpl,cosine_72000.csv,decay,20000,24000,31,0.012518706925973722,0.012484541532249083,0.0037248879004852966,-0.012484541532249083
cross_schedule_cosine_train,25,mpl,cosine_72000.csv,long_horizon,24000,,375,0.017199088154627735,0.017054190663826,0.005239151529920555,-0.017054190663826
cross_schedule_cosine_train,25,mpl,wsdcon_3.csv,warmup_or_start,0,2160,0,nan,nan,nan,nan
cross_schedule_cosine_train,25,mpl,wsdcon_3.csv,post_warmup_stable,2160,20000,95,0.012577578000365424,0.007697540225351159,0.0021774668171974368,-0.006409463931736023
cross_schedule_cosine_train,25,mpl,wsdcon_3.csv,decay,20000,24000,0,nan,nan,nan,nan
cross_schedule_cosine_train,25,mpl,wsdcon_3.csv,long_horizon,24000,,0,nan,nan,nan,nan
cross_schedule_cosine_train,25,mpl,wsdcon_18.csv,warmup_or_start,0,2160,0,nan,nan,nan,nan
cross_schedule_cosine_train,25,mpl,wsdcon_18.csv,post_warmup_stable,2160,20000,95,0.006571678371740121,0.003921770312124625,0.001076262544637374,-0.0028128706756317973
cross_schedule_cosine_train,25,mpl,wsdcon_18.csv,decay,20000,24000,0,nan,nan,nan,nan
cross_schedule_cosine_train,25,mpl,wsdcon_18.csv,long_horizon,24000,,0,nan,nan,nan,nan
cross_schedule_cosine_train,25,mpl_plus_ridge,wsd_20000_24000.csv,warmup_or_start,0,2160,0,nan,nan,nan,nan
cross_schedule_cosine_train,25,mpl_plus_ridge,wsd_20000_24000.csv,post_warmup_stable,2160,20000,139,0.04365756537906917,0.04319576500946802,0.012366234824532252,0.04319576500946802
cross_schedule_cosine_train,25,mpl_plus_ridge,wsd_20000_24000.csv,decay,20000,24000,31,0.07615754713320344,0.06921019686858979,0.02088422325968231,0.06921019686858979
cross_schedule_cosine_train,25,mpl_plus_ridge,wsd_20000_24000.csv,long_horizon,24000,,0,nan,nan,nan,nan
cross_schedule_cosine_train,25,mpl_plus_ridge,wsdld_20000_24000.csv,warmup_or_start,0,2160,0,nan,nan,nan,nan
cross_schedule_cosine_train,25,mpl_plus_ridge,wsdld_20000_24000.csv,post_warmup_stable,2160,20000,139,0.04365756537906917,0.04319576500946802,0.012366234824532252,0.04319576500946802
cross_schedule_cosine_train,25,mpl_plus_ridge,wsdld_20000_24000.csv,decay,20000,24000,31,0.06873979664056352,0.06685925897881542,0.020157224104447983,0.06685925897881542
cross_schedule_cosine_train,25,mpl_plus_ridge,wsdld_20000_24000.csv,long_horizon,24000,,0,nan,nan,nan,nan
cross_schedule_cosine_train,25,mpl_plus_ridge,constant_72000.csv,warmup_or_start,0,2160,0,nan,nan,nan,nan
cross_schedule_cosine_train,25,mpl_plus_ridge,constant_72000.csv,post_warmup_stable,2160,20000,140,0.01533322639043702,0.011143794042473266,0.0030804922964184195,0.006314077441867526
cross_schedule_cosine_train,25,mpl_plus_ridge,constant_72000.csv,decay,20000,24000,31,0.008478950528694254,0.008447066776237128,0.0025160633704738094,-0.008447066776237128
cross_schedule_cosine_train,25,mpl_plus_ridge,constant_72000.csv,long_horizon,24000,,375,0.013502820379092338,0.010708095611406988,0.0032669965877485207,0.0068600604472914715
cross_schedule_cosine_train,25,mpl_plus_ridge,cosine_72000.csv,warmup_or_start,0,2160,0,nan,nan,nan,nan
cross_schedule_cosine_train,25,mpl_plus_ridge,cosine_72000.csv,post_warmup_stable,2160,20000,140,0.04843113385164726,0.046636333627114446,0.013460062863065034,-0.0465680485929546
cross_schedule_cosine_train,25,mpl_plus_ridge,cosine_72000.csv,decay,20000,24000,31,0.06546467156077039,0.06545256212963411,0.019527178261595418,-0.06545256212963411
cross_schedule_cosine_train,25,mpl_plus_ridge,cosine_72000.csv,long_horizon,24000,,375,0.07249066546628428,0.07231780481549793,0.022218533209338708,-0.07231780481549793
cross_schedule_cosine_train,25,mpl_plus_ridge,wsdcon_3.csv,warmup_or_start,0,2160,0,nan,nan,nan,nan
cross_schedule_cosine_train,25,mpl_plus_ridge,wsdcon_3.csv,post_warmup_stable,2160,20000,95,0.08274248856874604,0.054100640806446595,0.015251229722603274,0.04616159214889818
cross_schedule_cosine_train,25,mpl_plus_ridge,wsdcon_3.csv,decay,20000,24000,0,nan,nan,nan,nan
cross_schedule_cosine_train,25,mpl_plus_ridge,wsdcon_3.csv,long_horizon,24000,,0,nan,nan,nan,nan
cross_schedule_cosine_train,25,mpl_plus_ridge,wsdcon_18.csv,warmup_or_start,0,2160,0,nan,nan,nan,nan
cross_schedule_cosine_train,25,mpl_plus_ridge,wsdcon_18.csv,post_warmup_stable,2160,20000,95,0.05162713839000523,0.04056512215194909,0.01130767885779042,0.04056512215194909
cross_schedule_cosine_train,25,mpl_plus_ridge,wsdcon_18.csv,decay,20000,24000,0,nan,nan,nan,nan
cross_schedule_cosine_train,25,mpl_plus_ridge,wsdcon_18.csv,long_horizon,24000,,0,nan,nan,nan,nan
cross_schedule_cosine_train,25,mpl_plus_fsl_light,wsd_20000_24000.csv,warmup_or_start,0,2160,0,nan,nan,nan,nan
cross_schedule_cosine_train,25,mpl_plus_fsl_light,wsd_20000_24000.csv,post_warmup_stable,2160,20000,139,0.06504852116322232,0.06487976445296968,0.018557650184128853,0.06487976445296968
cross_schedule_cosine_train,25,mpl_plus_fsl_light,wsd_20000_24000.csv,decay,20000,24000,31,0.017793004157205222,0.016794993293116695,0.0050904872898315445,-0.016794993293116695
cross_schedule_cosine_train,25,mpl_plus_fsl_light,wsd_20000_24000.csv,long_horizon,24000,,0,nan,nan,nan,nan
cross_schedule_cosine_train,25,mpl_plus_fsl_light,wsdld_20000_24000.csv,warmup_or_start,0,2160,0,nan,nan,nan,nan
cross_schedule_cosine_train,25,mpl_plus_fsl_light,wsdld_20000_24000.csv,post_warmup_stable,2160,20000,139,0.0650241970931997,0.06485537709061545,0.01855068155267487,0.06485537709061545
cross_schedule_cosine_train,25,mpl_plus_fsl_light,wsdld_20000_24000.csv,decay,20000,24000,31,0.014490458542073311,0.013138495047693226,0.003971007624794245,-0.013138495047693226
cross_schedule_cosine_train,25,mpl_plus_fsl_light,wsdld_20000_24000.csv,long_horizon,24000,,0,nan,nan,nan,nan
cross_schedule_cosine_train,25,mpl_plus_fsl_light,constant_72000.csv,warmup_or_start,0,2160,0,nan,nan,nan,nan
cross_schedule_cosine_train,25,mpl_plus_fsl_light,constant_72000.csv,post_warmup_stable,2160,20000,140,0.06403788702069665,0.06386711301341665,0.018272941238808762,0.06386711301341665
cross_schedule_cosine_train,25,mpl_plus_fsl_light,constant_72000.csv,decay,20000,24000,31,0.0612962101976234,0.061291515262497764,0.01825626185452657,0.061291515262497764
cross_schedule_cosine_train,25,mpl_plus_fsl_light,constant_72000.csv,long_horizon,24000,,375,0.058098486716790854,0.05807719461526203,0.01764813744614377,0.05807719461526203
cross_schedule_cosine_train,25,mpl_plus_fsl_light,cosine_72000.csv,warmup_or_start,0,2160,0,nan,nan,nan,nan
cross_schedule_cosine_train,25,mpl_plus_fsl_light,cosine_72000.csv,post_warmup_stable,2160,20000,140,0.00852199708361988,0.006116218085880101,0.001718646248220684,-0.005947395705784756
cross_schedule_cosine_train,25,mpl_plus_fsl_light,cosine_72000.csv,decay,20000,24000,31,0.011285172643425274,0.011243148747426625,0.003354582528915715,-0.011243148747426625
cross_schedule_cosine_train,25,mpl_plus_fsl_light,cosine_72000.csv,long_horizon,24000,,375,0.01835579906181342,0.01822028582520666,0.0056023629391356525,-0.01822028582520666
cross_schedule_cosine_train,25,mpl_plus_fsl_light,wsdcon_3.csv,warmup_or_start,0,2160,0,nan,nan,nan,nan
cross_schedule_cosine_train,25,mpl_plus_fsl_light,wsdcon_3.csv,post_warmup_stable,2160,20000,95,0.047383503009792015,0.038095077182425156,0.01054092357021714,0.025652223873650546
cross_schedule_cosine_train,25,mpl_plus_fsl_light,wsdcon_3.csv,decay,20000,24000,0,nan,nan,nan,nan
cross_schedule_cosine_train,25,mpl_plus_fsl_light,wsdcon_3.csv,long_horizon,24000,,0,nan,nan,nan,nan
cross_schedule_cosine_train,25,mpl_plus_fsl_light,wsdcon_18.csv,warmup_or_start,0,2160,0,nan,nan,nan,nan
cross_schedule_cosine_train,25,mpl_plus_fsl_light,wsdcon_18.csv,post_warmup_stable,2160,20000,95,0.04593343918042044,0.03325394601777493,0.00912966968169132,0.030124756277934314
cross_schedule_cosine_train,25,mpl_plus_fsl_light,wsdcon_18.csv,decay,20000,24000,0,nan,nan,nan,nan
cross_schedule_cosine_train,25,mpl_plus_fsl_light,wsdcon_18.csv,long_horizon,24000,,0,nan,nan,nan,nan
cross_schedule_cosine_train,100,tissue,wsd_20000_24000.csv,warmup_or_start,0,2160,0,nan,nan,nan,nan
cross_schedule_cosine_train,100,tissue,wsd_20000_24000.csv,post_warmup_stable,2160,20000,140,0.0036052105237111567,0.003270964410306819,0.0010363266935130614,-0.0030752587624477633
cross_schedule_cosine_train,100,tissue,wsd_20000_24000.csv,decay,20000,24000,31,0.009268916617534454,0.008165824031456496,0.0027356189750197867,0.0003113022352649803
cross_schedule_cosine_train,100,tissue,wsd_20000_24000.csv,long_horizon,24000,,0,nan,nan,nan,nan
cross_schedule_cosine_train,100,tissue,wsdld_20000_24000.csv,warmup_or_start,0,2160,0,nan,nan,nan,nan
cross_schedule_cosine_train,100,tissue,wsdld_20000_24000.csv,post_warmup_stable,2160,20000,140,0.0036052105237111567,0.003270964410306819,0.0010363266935130614,-0.0030752587624477633
cross_schedule_cosine_train,100,tissue,wsdld_20000_24000.csv,decay,20000,24000,31,0.0038503179120809553,0.003394238123935556,0.0011290079909514424,0.0017936332355817034
cross_schedule_cosine_train,100,tissue,wsdld_20000_24000.csv,long_horizon,24000,,0,nan,nan,nan,nan
cross_schedule_cosine_train,100,tissue,constant_72000.csv,warmup_or_start,0,2160,0,nan,nan,nan,nan
cross_schedule_cosine_train,100,tissue,constant_72000.csv,post_warmup_stable,2160,20000,140,0.00520172809252633,0.003637335518143752,0.001108399985229611,-0.00037383019101917863
cross_schedule_cosine_train,100,tissue,constant_72000.csv,decay,20000,24000,31,0.005289439951843799,0.005242480405673275,0.0017214451867101173,-0.005242480405673275
cross_schedule_cosine_train,100,tissue,constant_72000.csv,long_horizon,24000,,375,0.010899035159786716,0.010576587928731472,0.003562012585477854,-0.010576587928731472
cross_schedule_cosine_train,100,tissue,cosine_72000.csv,warmup_or_start,0,2160,0,nan,nan,nan,nan
cross_schedule_cosine_train,100,tissue,cosine_72000.csv,post_warmup_stable,2160,20000,140,0.004743932071494061,0.0042968897806089845,0.0013656348679838282,-0.004138345397337652
cross_schedule_cosine_train,100,tissue,cosine_72000.csv,decay,20000,24000,31,0.010076307735121217,0.010048399836131393,0.003309800335755247,-0.010048399836131393
cross_schedule_cosine_train,100,tissue,cosine_72000.csv,long_horizon,24000,,375,0.01710271535739049,0.016931888803838415,0.005795937854073903,-0.016931888803838415
cross_schedule_cosine_train,100,tissue,wsdcon_3.csv,warmup_or_start,0,2160,0,nan,nan,nan,nan
cross_schedule_cosine_train,100,tissue,wsdcon_3.csv,post_warmup_stable,2160,20000,109,0.008884599330935421,0.005960225131349593,0.0018979493246033322,-0.002192514017211588
cross_schedule_cosine_train,100,tissue,wsdcon_3.csv,decay,20000,24000,0,nan,nan,nan,nan
cross_schedule_cosine_train,100,tissue,wsdcon_3.csv,long_horizon,24000,,0,nan,nan,nan,nan
cross_schedule_cosine_train,100,tissue,wsdcon_18.csv,warmup_or_start,0,2160,0,nan,nan,nan,nan
cross_schedule_cosine_train,100,tissue,wsdcon_18.csv,post_warmup_stable,2160,20000,109,0.006816021700159751,0.004573742540232671,0.0014451925652269307,-0.0005277618515929691
cross_schedule_cosine_train,100,tissue,wsdcon_18.csv,decay,20000,24000,0,nan,nan,nan,nan
cross_schedule_cosine_train,100,tissue,wsdcon_18.csv,long_horizon,24000,,0,nan,nan,nan,nan
cross_schedule_cosine_train,100,tissue_plus_ridge,wsd_20000_24000.csv,warmup_or_start,0,2160,0,nan,nan,nan,nan
cross_schedule_cosine_train,100,tissue_plus_ridge,wsd_20000_24000.csv,post_warmup_stable,2160,20000,140,0.009676635047836734,0.008908648282023243,0.002833019631188174,-0.00882121576340827
cross_schedule_cosine_train,100,tissue_plus_ridge,wsd_20000_24000.csv,decay,20000,24000,31,0.008641077366273373,0.007266913820152131,0.0024389723158090015,-0.0028721549714501816
cross_schedule_cosine_train,100,tissue_plus_ridge,wsd_20000_24000.csv,long_horizon,24000,,0,nan,nan,nan,nan
cross_schedule_cosine_train,100,tissue_plus_ridge,wsdld_20000_24000.csv,warmup_or_start,0,2160,0,nan,nan,nan,nan
cross_schedule_cosine_train,100,tissue_plus_ridge,wsdld_20000_24000.csv,post_warmup_stable,2160,20000,140,0.009676635047836734,0.008908648282023243,0.002833019631188174,-0.00882121576340827
cross_schedule_cosine_train,100,tissue_plus_ridge,wsdld_20000_24000.csv,decay,20000,24000,31,0.004266794589183766,0.0029911345301952435,0.0009933870180506212,-0.002804495359199387
cross_schedule_cosine_train,100,tissue_plus_ridge,wsdld_20000_24000.csv,long_horizon,24000,,0,nan,nan,nan,nan
cross_schedule_cosine_train,100,tissue_plus_ridge,constant_72000.csv,warmup_or_start,0,2160,0,nan,nan,nan,nan
cross_schedule_cosine_train,100,tissue_plus_ridge,constant_72000.csv,post_warmup_stable,2160,20000,140,0.0059575611775906645,0.00482647900843696,0.001499331520579545,-0.002219110986415169
cross_schedule_cosine_train,100,tissue_plus_ridge,constant_72000.csv,decay,20000,24000,31,0.008498761043565528,0.008458734106079715,0.002777495348397462,-0.008458734106079715
cross_schedule_cosine_train,100,tissue_plus_ridge,constant_72000.csv,long_horizon,24000,,375,0.018557667036413424,0.01791530551222507,0.006034837828111247,-0.01791530551222507
cross_schedule_cosine_train,100,tissue_plus_ridge,cosine_72000.csv,warmup_or_start,0,2160,0,nan,nan,nan,nan
cross_schedule_cosine_train,100,tissue_plus_ridge,cosine_72000.csv,post_warmup_stable,2160,20000,140,0.003753094222847414,0.0032009830974882004,0.0010191537671847316,-0.0028752650633666133
cross_schedule_cosine_train,100,tissue_plus_ridge,cosine_72000.csv,decay,20000,24000,31,0.009069331591992877,0.009038063374574657,0.002977057654785811,-0.009038063374574657
cross_schedule_cosine_train,100,tissue_plus_ridge,cosine_72000.csv,long_horizon,24000,,375,0.016019797299316525,0.015873808166860782,0.005435007989492986,-0.015873808166860782
cross_schedule_cosine_train,100,tissue_plus_ridge,wsdcon_3.csv,warmup_or_start,0,2160,0,nan,nan,nan,nan
cross_schedule_cosine_train,100,tissue_plus_ridge,wsdcon_3.csv,post_warmup_stable,2160,20000,109,0.009681513944088048,0.0073931375415938975,0.0023249234811471555,-0.0032463324367220715
cross_schedule_cosine_train,100,tissue_plus_ridge,wsdcon_3.csv,decay,20000,24000,0,nan,nan,nan,nan
cross_schedule_cosine_train,100,tissue_plus_ridge,wsdcon_3.csv,long_horizon,24000,,0,nan,nan,nan,nan
cross_schedule_cosine_train,100,tissue_plus_ridge,wsdcon_18.csv,warmup_or_start,0,2160,0,nan,nan,nan,nan
cross_schedule_cosine_train,100,tissue_plus_ridge,wsdcon_18.csv,post_warmup_stable,2160,20000,109,0.008884400990933863,0.007600774030569081,0.0023891151631529536,-0.004113471941541283
cross_schedule_cosine_train,100,tissue_plus_ridge,wsdcon_18.csv,decay,20000,24000,0,nan,nan,nan,nan
cross_schedule_cosine_train,100,tissue_plus_ridge,wsdcon_18.csv,long_horizon,24000,,0,nan,nan,nan,nan
cross_schedule_cosine_train,100,tissue_plus_fsl_light,wsd_20000_24000.csv,warmup_or_start,0,2160,0,nan,nan,nan,nan
cross_schedule_cosine_train,100,tissue_plus_fsl_light,wsd_20000_24000.csv,post_warmup_stable,2160,20000,140,0.006165056889716719,0.0059023600197657365,0.0018667357896928615,-0.005810529045867696
cross_schedule_cosine_train,100,tissue_plus_fsl_light,wsd_20000_24000.csv,decay,20000,24000,31,0.009281841327858724,0.00818411721373357,0.002741523651823075,0.00038476227485701077
cross_schedule_cosine_train,100,tissue_plus_fsl_light,wsd_20000_24000.csv,long_horizon,24000,,0,nan,nan,nan,nan
cross_schedule_cosine_train,100,tissue_plus_fsl_light,wsdld_20000_24000.csv,warmup_or_start,0,2160,0,nan,nan,nan,nan
cross_schedule_cosine_train,100,tissue_plus_fsl_light,wsdld_20000_24000.csv,post_warmup_stable,2160,20000,140,0.006156281630640761,0.005893447570910847,0.0018639305508754065,-0.005801217532138701
cross_schedule_cosine_train,100,tissue_plus_fsl_light,wsdld_20000_24000.csv,decay,20000,24000,31,0.0038340353998677352,0.003388459575532938,0.0011269186399962005,0.0017974300986989195
cross_schedule_cosine_train,100,tissue_plus_fsl_light,wsdld_20000_24000.csv,long_horizon,24000,,0,nan,nan,nan,nan
cross_schedule_cosine_train,100,tissue_plus_fsl_light,constant_72000.csv,warmup_or_start,0,2160,0,nan,nan,nan,nan
cross_schedule_cosine_train,100,tissue_plus_fsl_light,constant_72000.csv,post_warmup_stable,2160,20000,140,0.006035781527362486,0.0050268563508752495,0.0015653687329823002,-0.0027312145074931625
cross_schedule_cosine_train,100,tissue_plus_fsl_light,constant_72000.csv,decay,20000,24000,31,0.00791522135380504,0.007882935094158137,0.0025883525037709073,-0.007882935094158137
cross_schedule_cosine_train,100,tissue_plus_fsl_light,constant_72000.csv,long_horizon,24000,,375,0.013721866935330247,0.013448571585457036,0.004527552492490055,-0.013448571585457036
cross_schedule_cosine_train,100,tissue_plus_fsl_light,cosine_72000.csv,warmup_or_start,0,2160,0,nan,nan,nan,nan
cross_schedule_cosine_train,100,tissue_plus_fsl_light,cosine_72000.csv,post_warmup_stable,2160,20000,140,0.004679783057159704,0.004188491389499543,0.0013328787928609956,-0.00399681649644693
cross_schedule_cosine_train,100,tissue_plus_fsl_light,cosine_72000.csv,decay,20000,24000,31,0.010130483609079454,0.010102358145170945,0.0033275767386513433,-0.010102358145170945
cross_schedule_cosine_train,100,tissue_plus_fsl_light,cosine_72000.csv,long_horizon,24000,,375,0.01712302752166265,0.01695282269097475,0.005802880995056318,-0.01695282269097475
cross_schedule_cosine_train,100,tissue_plus_fsl_light,wsdcon_3.csv,warmup_or_start,0,2160,0,nan,nan,nan,nan
cross_schedule_cosine_train,100,tissue_plus_fsl_light,wsdcon_3.csv,post_warmup_stable,2160,20000,109,0.00934331701430053,0.006970789952365203,0.0022019062646924945,-0.0032754549302193006
cross_schedule_cosine_train,100,tissue_plus_fsl_light,wsdcon_3.csv,decay,20000,24000,0,nan,nan,nan,nan
cross_schedule_cosine_train,100,tissue_plus_fsl_light,wsdcon_3.csv,long_horizon,24000,,0,nan,nan,nan,nan
cross_schedule_cosine_train,100,tissue_plus_fsl_light,wsdcon_18.csv,warmup_or_start,0,2160,0,nan,nan,nan,nan
cross_schedule_cosine_train,100,tissue_plus_fsl_light,wsdcon_18.csv,post_warmup_stable,2160,20000,109,0.007310252152159395,0.005593641261693738,0.0017531997135835425,-0.0016790542199992104
cross_schedule_cosine_train,100,tissue_plus_fsl_light,wsdcon_18.csv,decay,20000,24000,0,nan,nan,nan,nan
cross_schedule_cosine_train,100,tissue_plus_fsl_light,wsdcon_18.csv,long_horizon,24000,,0,nan,nan,nan,nan
cross_schedule_cosine_train,100,mpl,wsd_20000_24000.csv,warmup_or_start,0,2160,0,nan,nan,nan,nan
cross_schedule_cosine_train,100,mpl,wsd_20000_24000.csv,post_warmup_stable,2160,20000,140,0.0031772503694737805,0.0026732798525139195,0.0008440294334502726,-0.001259519040596129
cross_schedule_cosine_train,100,mpl,wsd_20000_24000.csv,decay,20000,24000,31,0.023155996252710656,0.022628515131509683,0.00758717801661186,-0.022628515131509683
cross_schedule_cosine_train,100,mpl,wsd_20000_24000.csv,long_horizon,24000,,0,nan,nan,nan,nan
cross_schedule_cosine_train,100,mpl,wsdld_20000_24000.csv,warmup_or_start,0,2160,0,nan,nan,nan,nan
cross_schedule_cosine_train,100,mpl,wsdld_20000_24000.csv,post_warmup_stable,2160,20000,140,0.0031772503694737805,0.0026732798525139195,0.0008440294334502726,-0.001259519040596129
cross_schedule_cosine_train,100,mpl,wsdld_20000_24000.csv,decay,20000,24000,31,0.019665636946007137,0.01866895227475884,0.006237088966981325,-0.01866895227475884
cross_schedule_cosine_train,100,mpl,wsdld_20000_24000.csv,long_horizon,24000,,0,nan,nan,nan,nan
cross_schedule_cosine_train,100,mpl,constant_72000.csv,warmup_or_start,0,2160,0,nan,nan,nan,nan
cross_schedule_cosine_train,100,mpl,constant_72000.csv,post_warmup_stable,2160,20000,140,0.005419188859423954,0.004183155076865724,0.0012718040621430154,0.0014419095308324558
cross_schedule_cosine_train,100,mpl,constant_72000.csv,decay,20000,24000,31,0.006764942193600112,0.006697318559820297,0.0021993079912527042,-0.006697318559820297
cross_schedule_cosine_train,100,mpl,constant_72000.csv,long_horizon,24000,,375,0.017548277001556197,0.016917627119318737,0.005699116462070291,-0.016917627119318737
cross_schedule_cosine_train,100,mpl,cosine_72000.csv,warmup_or_start,0,2160,0,nan,nan,nan,nan
cross_schedule_cosine_train,100,mpl,cosine_72000.csv,post_warmup_stable,2160,20000,140,0.004656117711760855,0.0036315004139841458,0.0011568739947893174,-0.002827607555401584
cross_schedule_cosine_train,100,mpl,cosine_72000.csv,decay,20000,24000,31,0.011953536944873848,0.011916113926106944,0.003925125032397785,-0.011916113926106944
cross_schedule_cosine_train,100,mpl,cosine_72000.csv,long_horizon,24000,,375,0.018822507188699187,0.018573801716395787,0.00635103692642059,-0.018573801716395787
cross_schedule_cosine_train,100,mpl,wsdcon_3.csv,warmup_or_start,0,2160,0,nan,nan,nan,nan
cross_schedule_cosine_train,100,mpl,wsdcon_3.csv,post_warmup_stable,2160,20000,109,0.01249878259076197,0.00742120678727673,0.002357543495956915,-0.0033153112787474787
cross_schedule_cosine_train,100,mpl,wsdcon_3.csv,decay,20000,24000,0,nan,nan,nan,nan
cross_schedule_cosine_train,100,mpl,wsdcon_3.csv,long_horizon,24000,,0,nan,nan,nan,nan
cross_schedule_cosine_train,100,mpl,wsdcon_18.csv,warmup_or_start,0,2160,0,nan,nan,nan,nan
cross_schedule_cosine_train,100,mpl,wsdcon_18.csv,post_warmup_stable,2160,20000,109,0.0028903800313480254,0.0019936295986074334,0.0006140311060509087,0.00023733542188834393
cross_schedule_cosine_train,100,mpl,wsdcon_18.csv,decay,20000,24000,0,nan,nan,nan,nan
cross_schedule_cosine_train,100,mpl,wsdcon_18.csv,long_horizon,24000,,0,nan,nan,nan,nan
cross_schedule_cosine_train,100,mpl_plus_ridge,wsd_20000_24000.csv,warmup_or_start,0,2160,0,nan,nan,nan,nan
cross_schedule_cosine_train,100,mpl_plus_ridge,wsd_20000_24000.csv,post_warmup_stable,2160,20000,140,0.010204217690515709,0.0088096600380191,0.002816487899382864,-0.008284710669301835
cross_schedule_cosine_train,100,mpl_plus_ridge,wsd_20000_24000.csv,decay,20000,24000,31,0.01480897569336278,0.01279694576466808,0.004272941002777536,0.007462904007388503
cross_schedule_cosine_train,100,mpl_plus_ridge,wsd_20000_24000.csv,long_horizon,24000,,0,nan,nan,nan,nan
cross_schedule_cosine_train,100,mpl_plus_ridge,wsdld_20000_24000.csv,warmup_or_start,0,2160,0,nan,nan,nan,nan
cross_schedule_cosine_train,100,mpl_plus_ridge,wsdld_20000_24000.csv,post_warmup_stable,2160,20000,140,0.010204217690515709,0.0088096600380191,0.002816487899382864,-0.008284710669301835
cross_schedule_cosine_train,100,mpl_plus_ridge,wsdld_20000_24000.csv,decay,20000,24000,31,0.008845164892387857,0.008253950842499061,0.002749231194006099,0.005392785554094024
cross_schedule_cosine_train,100,mpl_plus_ridge,wsdld_20000_24000.csv,long_horizon,24000,,0,nan,nan,nan,nan
cross_schedule_cosine_train,100,mpl_plus_ridge,constant_72000.csv,warmup_or_start,0,2160,0,nan,nan,nan,nan
cross_schedule_cosine_train,100,mpl_plus_ridge,constant_72000.csv,post_warmup_stable,2160,20000,140,0.013593620592893608,0.01200903562602953,0.0037992343522480695,-0.008782420068404231
cross_schedule_cosine_train,100,mpl_plus_ridge,constant_72000.csv,decay,20000,24000,31,0.02327245896246077,0.023240821719701314,0.007630957461667633,-0.023240821719701314
cross_schedule_cosine_train,100,mpl_plus_ridge,constant_72000.csv,long_horizon,24000,,375,0.03654532323873172,0.03615118197021829,0.012165486972183587,-0.03615118197021829
cross_schedule_cosine_train,100,mpl_plus_ridge,cosine_72000.csv,warmup_or_start,0,2160,0,nan,nan,nan,nan
cross_schedule_cosine_train,100,mpl_plus_ridge,cosine_72000.csv,post_warmup_stable,2160,20000,140,0.015450124756903102,0.013718764866229012,0.004386112567728105,-0.01365779248397519
cross_schedule_cosine_train,100,mpl_plus_ridge,cosine_72000.csv,decay,20000,24000,31,0.027276588755488954,0.027255708969997784,0.008977217625911737,-0.027255708969997784
cross_schedule_cosine_train,100,mpl_plus_ridge,cosine_72000.csv,long_horizon,24000,,375,0.035920229192160896,0.03580974378740163,0.012252701052071737,-0.03580974378740163
cross_schedule_cosine_train,100,mpl_plus_ridge,wsdcon_3.csv,warmup_or_start,0,2160,0,nan,nan,nan,nan
cross_schedule_cosine_train,100,mpl_plus_ridge,wsdcon_3.csv,post_warmup_stable,2160,20000,109,0.026201153774794362,0.010041367333294365,0.0031756645125423527,0.006845311874150069
cross_schedule_cosine_train,100,mpl_plus_ridge,wsdcon_3.csv,decay,20000,24000,0,nan,nan,nan,nan
cross_schedule_cosine_train,100,mpl_plus_ridge,wsdcon_3.csv,long_horizon,24000,,0,nan,nan,nan,nan
cross_schedule_cosine_train,100,mpl_plus_ridge,wsdcon_18.csv,warmup_or_start,0,2160,0,nan,nan,nan,nan
cross_schedule_cosine_train,100,mpl_plus_ridge,wsdcon_18.csv,post_warmup_stable,2160,20000,109,0.013875693374404804,0.007863287643661659,0.0024856992439901836,0.0016376953697215802
cross_schedule_cosine_train,100,mpl_plus_ridge,wsdcon_18.csv,decay,20000,24000,0,nan,nan,nan,nan
cross_schedule_cosine_train,100,mpl_plus_ridge,wsdcon_18.csv,long_horizon,24000,,0,nan,nan,nan,nan
cross_schedule_cosine_train,100,mpl_plus_fsl_light,wsd_20000_24000.csv,warmup_or_start,0,2160,0,nan,nan,nan,nan
cross_schedule_cosine_train,100,mpl_plus_fsl_light,wsd_20000_24000.csv,post_warmup_stable,2160,20000,140,0.010249407573174035,0.010027423675562908,0.003142014715900488,0.01001517234841399
cross_schedule_cosine_train,100,mpl_plus_fsl_light,wsd_20000_24000.csv,decay,20000,24000,31,0.022802285344118104,0.021608408305813474,0.007254439525405697,-0.021608408305813474
cross_schedule_cosine_train,100,mpl_plus_fsl_light,wsd_20000_24000.csv,long_horizon,24000,,0,nan,nan,nan,nan
cross_schedule_cosine_train,100,mpl_plus_fsl_light,wsdld_20000_24000.csv,warmup_or_start,0,2160,0,nan,nan,nan,nan
cross_schedule_cosine_train,100,mpl_plus_fsl_light,wsdld_20000_24000.csv,post_warmup_stable,2160,20000,140,0.010157071583933272,0.009934258020644461,0.003112821558630188,0.009920656466612672
cross_schedule_cosine_train,100,mpl_plus_fsl_light,wsdld_20000_24000.csv,decay,20000,24000,31,0.018324756885419253,0.016488135199957805,0.005517347685411548,-0.016488135199957805
cross_schedule_cosine_train,100,mpl_plus_fsl_light,wsdld_20000_24000.csv,long_horizon,24000,,0,nan,nan,nan,nan
cross_schedule_cosine_train,100,mpl_plus_fsl_light,constant_72000.csv,warmup_or_start,0,2160,0,nan,nan,nan,nan
cross_schedule_cosine_train,100,mpl_plus_fsl_light,constant_72000.csv,post_warmup_stable,2160,20000,140,0.009419063825244876,0.00888089531646198,0.0027396896007964733,0.00888089531646198
cross_schedule_cosine_train,100,mpl_plus_fsl_light,constant_72000.csv,decay,20000,24000,31,0.003706706487241976,0.003614953632415471,0.0011864595682007063,0.003614953632415471
cross_schedule_cosine_train,100,mpl_plus_fsl_light,constant_72000.csv,long_horizon,24000,,375,0.005637167970148481,0.004803518036913784,0.0016219806971924334,-0.00425523600627937
cross_schedule_cosine_train,100,mpl_plus_fsl_light,cosine_72000.csv,warmup_or_start,0,2160,0,nan,nan,nan,nan
cross_schedule_cosine_train,100,mpl_plus_fsl_light,cosine_72000.csv,post_warmup_stable,2160,20000,140,0.004479197556780732,0.0035149230514880106,0.0011076524162734888,-0.00346475961672089
cross_schedule_cosine_train,100,mpl_plus_fsl_light,cosine_72000.csv,decay,20000,24000,31,0.01081651304933575,0.010775966379025118,0.003549616881527943,-0.010775966379025118
cross_schedule_cosine_train,100,mpl_plus_fsl_light,cosine_72000.csv,long_horizon,24000,,375,0.019655802460784636,0.019431408066067163,0.006651424134335578,-0.019431408066067163
cross_schedule_cosine_train,100,mpl_plus_fsl_light,wsdcon_3.csv,warmup_or_start,0,2160,0,nan,nan,nan,nan
cross_schedule_cosine_train,100,mpl_plus_fsl_light,wsdcon_3.csv,post_warmup_stable,2160,20000,109,0.015059445415699004,0.011974582585563097,0.0037206499841988794,0.0005661824399334166
cross_schedule_cosine_train,100,mpl_plus_fsl_light,wsdcon_3.csv,decay,20000,24000,0,nan,nan,nan,nan
cross_schedule_cosine_train,100,mpl_plus_fsl_light,wsdcon_3.csv,long_horizon,24000,,0,nan,nan,nan,nan
cross_schedule_cosine_train,100,mpl_plus_fsl_light,wsdcon_18.csv,warmup_or_start,0,2160,0,nan,nan,nan,nan
cross_schedule_cosine_train,100,mpl_plus_fsl_light,wsdcon_18.csv,post_warmup_stable,2160,20000,109,0.008168411507119952,0.005908984523311408,0.0017858390318058906,0.005216095047558372
cross_schedule_cosine_train,100,mpl_plus_fsl_light,wsdcon_18.csv,decay,20000,24000,0,nan,nan,nan,nan
cross_schedule_cosine_train,100,mpl_plus_fsl_light,wsdcon_18.csv,long_horizon,24000,,0,nan,nan,nan,nan
cross_schedule_cosine_train,400,tissue,wsd_20000_24000.csv,warmup_or_start,0,2160,0,nan,nan,nan,nan
cross_schedule_cosine_train,400,tissue,wsd_20000_24000.csv,post_warmup_stable,2160,20000,140,0.006475442340583396,0.006306550449140379,0.00211365616636067,-0.006218016560783306
cross_schedule_cosine_train,400,tissue,wsd_20000_24000.csv,decay,20000,24000,31,0.013631378758394024,0.010847543369051095,0.003951612844374306,-0.006885212689275283
cross_schedule_cosine_train,400,tissue,wsd_20000_24000.csv,long_horizon,24000,,0,nan,nan,nan,nan
cross_schedule_cosine_train,400,tissue,wsdld_20000_24000.csv,warmup_or_start,0,2160,0,nan,nan,nan,nan
cross_schedule_cosine_train,400,tissue,wsdld_20000_24000.csv,post_warmup_stable,2160,20000,140,0.006489984449853405,0.0063201218777118075,0.002118414913751194,-0.006231587989354735
cross_schedule_cosine_train,400,tissue,wsdld_20000_24000.csv,decay,20000,24000,31,0.006165358961377046,0.0044581818478785775,0.001615731355248535,-0.0036775775125155678
cross_schedule_cosine_train,400,tissue,wsdld_20000_24000.csv,long_horizon,24000,,0,nan,nan,nan,nan
cross_schedule_cosine_train,400,tissue,constant_72000.csv,warmup_or_start,0,2160,0,nan,nan,nan,nan
cross_schedule_cosine_train,400,tissue,constant_72000.csv,post_warmup_stable,2160,20000,140,0.006007920584456292,0.005211045156722543,0.001742546914573869,-0.003640873703640454
cross_schedule_cosine_train,400,tissue,constant_72000.csv,decay,20000,24000,31,0.007623512756958813,0.007603297298101991,0.0026897063246240755,-0.007603297298101991
cross_schedule_cosine_train,400,tissue,constant_72000.csv,long_horizon,24000,,375,0.015404268267322899,0.014950782522272789,0.005446081118232421,-0.014950782522272789
cross_schedule_cosine_train,400,tissue,cosine_72000.csv,warmup_or_start,0,2160,0,nan,nan,nan,nan
cross_schedule_cosine_train,400,tissue,cosine_72000.csv,post_warmup_stable,2160,20000,140,0.005930637562641044,0.004976439672942536,0.0016793110886124038,-0.0034890905661724243
cross_schedule_cosine_train,400,tissue,cosine_72000.csv,decay,20000,24000,31,0.010983416865895119,0.010950546300261911,0.0038939450594785525,-0.010950546300261911
cross_schedule_cosine_train,400,tissue,cosine_72000.csv,long_horizon,24000,,375,0.019913800487333565,0.01967173538028995,0.007329904148434285,-0.01967173538028995
cross_schedule_cosine_train,400,tissue,wsdcon_3.csv,warmup_or_start,0,2160,0,nan,nan,nan,nan
cross_schedule_cosine_train,400,tissue,wsdcon_3.csv,post_warmup_stable,2160,20000,109,0.014004430328828463,0.012208973130799895,0.00416016807766039,-0.010420529561051255
cross_schedule_cosine_train,400,tissue,wsdcon_3.csv,decay,20000,24000,0,nan,nan,nan,nan
cross_schedule_cosine_train,400,tissue,wsdcon_3.csv,long_horizon,24000,,0,nan,nan,nan,nan
cross_schedule_cosine_train,400,tissue,wsdcon_18.csv,warmup_or_start,0,2160,0,nan,nan,nan,nan
cross_schedule_cosine_train,400,tissue,wsdcon_18.csv,post_warmup_stable,2160,20000,109,0.008374430691959343,0.007591722318628346,0.0025423343403469328,-0.004888180816000963
cross_schedule_cosine_train,400,tissue,wsdcon_18.csv,decay,20000,24000,0,nan,nan,nan,nan
cross_schedule_cosine_train,400,tissue,wsdcon_18.csv,long_horizon,24000,,0,nan,nan,nan,nan
cross_schedule_cosine_train,400,tissue_plus_ridge,wsd_20000_24000.csv,warmup_or_start,0,2160,0,nan,nan,nan,nan
cross_schedule_cosine_train,400,tissue_plus_ridge,wsd_20000_24000.csv,post_warmup_stable,2160,20000,140,0.026863626866829034,0.02643605085893596,0.008921260313162739,-0.02643605085893596
cross_schedule_cosine_train,400,tissue_plus_ridge,wsd_20000_24000.csv,decay,20000,24000,31,0.015738038140647247,0.01249708854310889,0.004549103088699491,-0.01249708854310889
cross_schedule_cosine_train,400,tissue_plus_ridge,wsd_20000_24000.csv,long_horizon,24000,,0,nan,nan,nan,nan
cross_schedule_cosine_train,400,tissue_plus_ridge,wsdld_20000_24000.csv,warmup_or_start,0,2160,0,nan,nan,nan,nan
cross_schedule_cosine_train,400,tissue_plus_ridge,wsdld_20000_24000.csv,post_warmup_stable,2160,20000,140,0.026880810757895366,0.02644962228750739,0.008925973653150574,-0.02644962228750739
cross_schedule_cosine_train,400,tissue_plus_ridge,wsdld_20000_24000.csv,decay,20000,24000,31,0.012360021640380909,0.011815479233609564,0.0042506428174726415,-0.011815479233609564
cross_schedule_cosine_train,400,tissue_plus_ridge,wsdld_20000_24000.csv,long_horizon,24000,,0,nan,nan,nan,nan
cross_schedule_cosine_train,400,tissue_plus_ridge,constant_72000.csv,warmup_or_start,0,2160,0,nan,nan,nan,nan
cross_schedule_cosine_train,400,tissue_plus_ridge,constant_72000.csv,post_warmup_stable,2160,20000,140,0.017668388108345628,0.017202552600839322,0.005826140739483031,-0.016867045512135616
cross_schedule_cosine_train,400,tissue_plus_ridge,constant_72000.csv,decay,20000,24000,31,0.023236526044677352,0.023223613225026717,0.008215198234481618,-0.023223613225026717
cross_schedule_cosine_train,400,tissue_plus_ridge,constant_72000.csv,long_horizon,24000,,375,0.0386826674888484,0.03790810375724147,0.013802844528696073,-0.03790810375724147
cross_schedule_cosine_train,400,tissue_plus_ridge,cosine_72000.csv,warmup_or_start,0,2160,0,nan,nan,nan,nan
cross_schedule_cosine_train,400,tissue_plus_ridge,cosine_72000.csv,post_warmup_stable,2160,20000,140,0.005078153957755851,0.003669390839568016,0.0012175882576385708,-0.0011772533906960726
cross_schedule_cosine_train,400,tissue_plus_ridge,cosine_72000.csv,decay,20000,24000,31,0.009113529746990996,0.009073536884122137,0.003226624598746622,-0.009073536884122137
cross_schedule_cosine_train,400,tissue_plus_ridge,cosine_72000.csv,long_horizon,24000,,375,0.01788769718780689,0.017696882555273248,0.006597051911572981,-0.017696882555273248
cross_schedule_cosine_train,400,tissue_plus_ridge,wsdcon_3.csv,warmup_or_start,0,2160,0,nan,nan,nan,nan
cross_schedule_cosine_train,400,tissue_plus_ridge,wsdcon_3.csv,post_warmup_stable,2160,20000,109,0.01987913857596851,0.018834482504045246,0.006237237815470316,-0.016553274992778765
cross_schedule_cosine_train,400,tissue_plus_ridge,wsdcon_3.csv,decay,20000,24000,0,nan,nan,nan,nan
cross_schedule_cosine_train,400,tissue_plus_ridge,wsdcon_3.csv,long_horizon,24000,,0,nan,nan,nan,nan
cross_schedule_cosine_train,400,tissue_plus_ridge,wsdcon_18.csv,warmup_or_start,0,2160,0,nan,nan,nan,nan
cross_schedule_cosine_train,400,tissue_plus_ridge,wsdcon_18.csv,post_warmup_stable,2160,20000,109,0.019127857772426503,0.017653360617624805,0.005817012014103181,-0.015528322106341327
cross_schedule_cosine_train,400,tissue_plus_ridge,wsdcon_18.csv,decay,20000,24000,0,nan,nan,nan,nan
cross_schedule_cosine_train,400,tissue_plus_ridge,wsdcon_18.csv,long_horizon,24000,,0,nan,nan,nan,nan
cross_schedule_cosine_train,400,tissue_plus_fsl_light,wsd_20000_24000.csv,warmup_or_start,0,2160,0,nan,nan,nan,nan
cross_schedule_cosine_train,400,tissue_plus_fsl_light,wsd_20000_24000.csv,post_warmup_stable,2160,20000,140,0.02117186862447979,0.021086119412044257,0.007074263143355136,-0.021086119412044257
cross_schedule_cosine_train,400,tissue_plus_fsl_light,wsd_20000_24000.csv,decay,20000,24000,31,0.013572353443973841,0.010843407131807974,0.003949538819628262,-0.006743299604205911
cross_schedule_cosine_train,400,tissue_plus_fsl_light,wsd_20000_24000.csv,long_horizon,24000,,0,nan,nan,nan,nan
cross_schedule_cosine_train,400,tissue_plus_fsl_light,wsdld_20000_24000.csv,warmup_or_start,0,2160,0,nan,nan,nan,nan
cross_schedule_cosine_train,400,tissue_plus_fsl_light,wsdld_20000_24000.csv,post_warmup_stable,2160,20000,140,0.02117122298238596,0.02108475833253505,0.007073994821997163,-0.02108475833253505
cross_schedule_cosine_train,400,tissue_plus_fsl_light,wsdld_20000_24000.csv,decay,20000,24000,31,0.006067249250026302,0.004388198582631071,0.0015898957297885768,-0.003653536838324267
cross_schedule_cosine_train,400,tissue_plus_fsl_light,wsdld_20000_24000.csv,long_horizon,24000,,0,nan,nan,nan,nan
cross_schedule_cosine_train,400,tissue_plus_fsl_light,constant_72000.csv,warmup_or_start,0,2160,0,nan,nan,nan,nan
cross_schedule_cosine_train,400,tissue_plus_fsl_light,constant_72000.csv,post_warmup_stable,2160,20000,140,0.01860394034829147,0.018208828158901735,0.006159008022170294,-0.017902975702707883
cross_schedule_cosine_train,400,tissue_plus_fsl_light,constant_72000.csv,decay,20000,24000,31,0.022326660075773944,0.022319348111558338,0.007895110767793456,-0.022319348111558338
cross_schedule_cosine_train,400,tissue_plus_fsl_light,constant_72000.csv,long_horizon,24000,,375,0.030285419088032103,0.030038127229480474,0.010929439382229414,-0.030038127229480474
cross_schedule_cosine_train,400,tissue_plus_fsl_light,cosine_72000.csv,warmup_or_start,0,2160,0,nan,nan,nan,nan
cross_schedule_cosine_train,400,tissue_plus_fsl_light,cosine_72000.csv,post_warmup_stable,2160,20000,140,0.006036282500450203,0.004965048541330502,0.001672852147290015,-0.003264501241104889
cross_schedule_cosine_train,400,tissue_plus_fsl_light,cosine_72000.csv,decay,20000,24000,31,0.011095990507849797,0.011062823684667015,0.003933873213404411,-0.011062823684667015
cross_schedule_cosine_train,400,tissue_plus_fsl_light,cosine_72000.csv,long_horizon,24000,,375,0.019953148819216775,0.019711711476359046,0.007344247259296939,-0.019711711476359046
cross_schedule_cosine_train,400,tissue_plus_fsl_light,wsdcon_3.csv,warmup_or_start,0,2160,0,nan,nan,nan,nan
cross_schedule_cosine_train,400,tissue_plus_fsl_light,wsdcon_3.csv,post_warmup_stable,2160,20000,109,0.01921507026378877,0.018373847840498888,0.006108714984648122,-0.016567690818379218
cross_schedule_cosine_train,400,tissue_plus_fsl_light,wsdcon_3.csv,decay,20000,24000,0,nan,nan,nan,nan
cross_schedule_cosine_train,400,tissue_plus_fsl_light,wsdcon_3.csv,long_horizon,24000,,0,nan,nan,nan,nan
cross_schedule_cosine_train,400,tissue_plus_fsl_light,wsdcon_18.csv,warmup_or_start,0,2160,0,nan,nan,nan,nan
cross_schedule_cosine_train,400,tissue_plus_fsl_light,wsdcon_18.csv,post_warmup_stable,2160,20000,109,0.015525430375834193,0.013784561397371746,0.004503383791345807,-0.011163293616378838
cross_schedule_cosine_train,400,tissue_plus_fsl_light,wsdcon_18.csv,decay,20000,24000,0,nan,nan,nan,nan
cross_schedule_cosine_train,400,tissue_plus_fsl_light,wsdcon_18.csv,long_horizon,24000,,0,nan,nan,nan,nan
cross_schedule_cosine_train,400,mpl,wsd_20000_24000.csv,warmup_or_start,0,2160,0,nan,nan,nan,nan
cross_schedule_cosine_train,400,mpl,wsd_20000_24000.csv,post_warmup_stable,2160,20000,140,0.00422961760363256,0.0034082823056120377,0.0011381827980418522,-0.0033949703469841656
cross_schedule_cosine_train,400,mpl,wsd_20000_24000.csv,decay,20000,24000,31,0.033165927569379056,0.03239879309614628,0.011752508772986914,-0.03239879309614628
cross_schedule_cosine_train,400,mpl,wsd_20000_24000.csv,long_horizon,24000,,0,nan,nan,nan,nan
cross_schedule_cosine_train,400,mpl,wsdld_20000_24000.csv,warmup_or_start,0,2160,0,nan,nan,nan,nan
cross_schedule_cosine_train,400,mpl,wsdld_20000_24000.csv,post_warmup_stable,2160,20000,140,0.0042489453964078515,0.0034218537341834665,0.0011429430690189587,-0.0034085417755555943
cross_schedule_cosine_train,400,mpl,wsdld_20000_24000.csv,decay,20000,24000,31,0.02782455147698834,0.026279896634837922,0.00949363551647951,-0.026279896634837922
cross_schedule_cosine_train,400,mpl,wsdld_20000_24000.csv,long_horizon,24000,,0,nan,nan,nan,nan
cross_schedule_cosine_train,400,mpl,constant_72000.csv,warmup_or_start,0,2160,0,nan,nan,nan,nan
cross_schedule_cosine_train,400,mpl,constant_72000.csv,post_warmup_stable,2160,20000,140,0.003908971829175775,0.0030808840500806934,0.001025865696902466,-0.000817827489841313
cross_schedule_cosine_train,400,mpl,constant_72000.csv,decay,20000,24000,31,0.007566657386389063,0.007524094422206384,0.002661971481789733,-0.007524094422206384
cross_schedule_cosine_train,400,mpl,constant_72000.csv,long_horizon,24000,,375,0.020773719937237742,0.01992842850921872,0.007262702670960151,-0.01992842850921872
cross_schedule_cosine_train,400,mpl,cosine_72000.csv,warmup_or_start,0,2160,0,nan,nan,nan,nan
cross_schedule_cosine_train,400,mpl,cosine_72000.csv,post_warmup_stable,2160,20000,140,0.00491779856750291,0.004074617739112669,0.0013730914893474435,-0.0013360631832314634
cross_schedule_cosine_train,400,mpl,cosine_72000.csv,decay,20000,24000,31,0.011757882379797632,0.011707744066042096,0.004163438746647271,-0.011707744066042096
cross_schedule_cosine_train,400,mpl,cosine_72000.csv,long_horizon,24000,,375,0.020943722565484792,0.020592764080252277,0.007664732427126813,-0.020592764080252277
cross_schedule_cosine_train,400,mpl,wsdcon_3.csv,warmup_or_start,0,2160,0,nan,nan,nan,nan
cross_schedule_cosine_train,400,mpl,wsdcon_3.csv,post_warmup_stable,2160,20000,109,0.02064687327077126,0.012295996827031494,0.004183327807779921,-0.012098502557891012
cross_schedule_cosine_train,400,mpl,wsdcon_3.csv,decay,20000,24000,0,nan,nan,nan,nan
cross_schedule_cosine_train,400,mpl,wsdcon_3.csv,long_horizon,24000,,0,nan,nan,nan,nan
cross_schedule_cosine_train,400,mpl,wsdcon_18.csv,warmup_or_start,0,2160,0,nan,nan,nan,nan
cross_schedule_cosine_train,400,mpl,wsdcon_18.csv,post_warmup_stable,2160,20000,109,0.0057075579433060845,0.003977628877065496,0.0013127418469687,-0.0039633387233019065
cross_schedule_cosine_train,400,mpl,wsdcon_18.csv,decay,20000,24000,0,nan,nan,nan,nan
cross_schedule_cosine_train,400,mpl,wsdcon_18.csv,long_horizon,24000,,0,nan,nan,nan,nan
cross_schedule_cosine_train,400,mpl_plus_ridge,wsd_20000_24000.csv,warmup_or_start,0,2160,0,nan,nan,nan,nan
cross_schedule_cosine_train,400,mpl_plus_ridge,wsd_20000_24000.csv,post_warmup_stable,2160,20000,140,0.026366288278448904,0.02545011248906412,0.008627579319035926,-0.02545011248906412
cross_schedule_cosine_train,400,mpl_plus_ridge,wsd_20000_24000.csv,decay,20000,24000,31,0.014533207771375851,0.01278365154903571,0.004630724384830569,-0.0008306209155863672
cross_schedule_cosine_train,400,mpl_plus_ridge,wsd_20000_24000.csv,long_horizon,24000,,0,nan,nan,nan,nan
cross_schedule_cosine_train,400,mpl_plus_ridge,wsdld_20000_24000.csv,warmup_or_start,0,2160,0,nan,nan,nan,nan
cross_schedule_cosine_train,400,mpl_plus_ridge,wsdld_20000_24000.csv,post_warmup_stable,2160,20000,140,0.02638434845879284,0.025463683917635548,0.008632290858308952,-0.025463683917635548
cross_schedule_cosine_train,400,mpl_plus_ridge,wsdld_20000_24000.csv,decay,20000,24000,31,0.007584323292102961,0.004754262462265129,0.0016927100837914964,-0.00253295149891482
cross_schedule_cosine_train,400,mpl_plus_ridge,wsdld_20000_24000.csv,long_horizon,24000,,0,nan,nan,nan,nan
cross_schedule_cosine_train,400,mpl_plus_ridge,constant_72000.csv,warmup_or_start,0,2160,0,nan,nan,nan,nan
cross_schedule_cosine_train,400,mpl_plus_ridge,constant_72000.csv,post_warmup_stable,2160,20000,140,0.026048485926782092,0.024212188121810266,0.008264443375101644,-0.023828570018240448
cross_schedule_cosine_train,400,mpl_plus_ridge,constant_72000.csv,decay,20000,24000,31,0.03957164932772265,0.03955167083712186,0.013991239875972759,-0.03955167083712186
cross_schedule_cosine_train,400,mpl_plus_ridge,constant_72000.csv,long_horizon,24000,,375,0.05918511293738534,0.05857566597027239,0.021316623796769303,-0.05857566597027239
cross_schedule_cosine_train,400,mpl_plus_ridge,cosine_72000.csv,warmup_or_start,0,2160,0,nan,nan,nan,nan
cross_schedule_cosine_train,400,mpl_plus_ridge,cosine_72000.csv,post_warmup_stable,2160,20000,140,0.0167054361779714,0.014709294577486522,0.005042381370301196,-0.013330584268644485
cross_schedule_cosine_train,400,mpl_plus_ridge,cosine_72000.csv,decay,20000,24000,31,0.029699168936541995,0.029672667106595642,0.010550639022668798,-0.029672667106595642
cross_schedule_cosine_train,400,mpl_plus_ridge,cosine_72000.csv,long_horizon,24000,,375,0.04070995111267516,0.04056861899080589,0.015112082153071573,-0.04056861899080589
cross_schedule_cosine_train,400,mpl_plus_ridge,wsdcon_3.csv,warmup_or_start,0,2160,0,nan,nan,nan,nan
cross_schedule_cosine_train,400,mpl_plus_ridge,wsdcon_3.csv,post_warmup_stable,2160,20000,109,0.030527956240476484,0.019246540987455697,0.0064170871715558825,-0.004809281445457765
cross_schedule_cosine_train,400,mpl_plus_ridge,wsdcon_3.csv,decay,20000,24000,0,nan,nan,nan,nan
cross_schedule_cosine_train,400,mpl_plus_ridge,wsdcon_3.csv,long_horizon,24000,,0,nan,nan,nan,nan
cross_schedule_cosine_train,400,mpl_plus_ridge,wsdcon_18.csv,warmup_or_start,0,2160,0,nan,nan,nan,nan
cross_schedule_cosine_train,400,mpl_plus_ridge,wsdcon_18.csv,post_warmup_stable,2160,20000,109,0.019193199659418972,0.01643668363412265,0.005461039685782705,-0.008874840567957676
cross_schedule_cosine_train,400,mpl_plus_ridge,wsdcon_18.csv,decay,20000,24000,0,nan,nan,nan,nan
cross_schedule_cosine_train,400,mpl_plus_ridge,wsdcon_18.csv,long_horizon,24000,,0,nan,nan,nan,nan
cross_schedule_cosine_train,400,mpl_plus_fsl_light,wsd_20000_24000.csv,warmup_or_start,0,2160,0,nan,nan,nan,nan
cross_schedule_cosine_train,400,mpl_plus_fsl_light,wsd_20000_24000.csv,post_warmup_stable,2160,20000,140,0.0036956810249587266,0.002295395733341819,0.0007389374585285001,-0.002165832912552314
cross_schedule_cosine_train,400,mpl_plus_fsl_light,wsd_20000_24000.csv,decay,20000,24000,31,0.032871109517233446,0.03146796816856929,0.011427022832286825,-0.03146796816856929
cross_schedule_cosine_train,400,mpl_plus_fsl_light,wsd_20000_24000.csv,long_horizon,24000,,0,nan,nan,nan,nan
cross_schedule_cosine_train,400,mpl_plus_fsl_light,wsdld_20000_24000.csv,warmup_or_start,0,2160,0,nan,nan,nan,nan
cross_schedule_cosine_train,400,mpl_plus_fsl_light,wsdld_20000_24000.csv,post_warmup_stable,2160,20000,140,0.003748973927985745,0.002361661292432531,0.0007613343559469509,-0.0022508045827643493
cross_schedule_cosine_train,400,mpl_plus_fsl_light,wsdld_20000_24000.csv,decay,20000,24000,31,0.026577226847564358,0.02426679503373072,0.008777215410356094,-0.02426679503373072
cross_schedule_cosine_train,400,mpl_plus_fsl_light,wsdld_20000_24000.csv,long_horizon,24000,,0,nan,nan,nan,nan
cross_schedule_cosine_train,400,mpl_plus_fsl_light,constant_72000.csv,warmup_or_start,0,2160,0,nan,nan,nan,nan
cross_schedule_cosine_train,400,mpl_plus_fsl_light,constant_72000.csv,post_warmup_stable,2160,20000,140,0.003456125616120867,0.002852559802723704,0.000969859698637214,-0.002486301564967998
cross_schedule_cosine_train,400,mpl_plus_fsl_light,constant_72000.csv,decay,20000,24000,31,0.007056652524002649,0.007021998432022952,0.002484261449616705,-0.007021998432022952
cross_schedule_cosine_train,400,mpl_plus_fsl_light,constant_72000.csv,long_horizon,24000,,375,0.01838224809417767,0.017650979471150127,0.006432444760893835,-0.017650979471150127
cross_schedule_cosine_train,400,mpl_plus_fsl_light,cosine_72000.csv,warmup_or_start,0,2160,0,nan,nan,nan,nan
cross_schedule_cosine_train,400,mpl_plus_fsl_light,cosine_72000.csv,post_warmup_stable,2160,20000,140,0.0038813114088377043,0.0030454835181769374,0.001037963351930304,-0.0014904386120272322
cross_schedule_cosine_train,400,mpl_plus_fsl_light,cosine_72000.csv,decay,20000,24000,31,0.010673820771600657,0.010617143813864464,0.003775717280725867,-0.010617143813864464
cross_schedule_cosine_train,400,mpl_plus_fsl_light,cosine_72000.csv,long_horizon,24000,,375,0.021964646469128626,0.021640734710328038,0.00806460846330916,-0.021640734710328038
cross_schedule_cosine_train,400,mpl_plus_fsl_light,wsdcon_3.csv,warmup_or_start,0,2160,0,nan,nan,nan,nan
cross_schedule_cosine_train,400,mpl_plus_fsl_light,wsdcon_3.csv,post_warmup_stable,2160,20000,109,0.021076925575731206,0.01336089218489096,0.0045579255521145745,-0.012471269642881293
cross_schedule_cosine_train,400,mpl_plus_fsl_light,wsdcon_3.csv,decay,20000,24000,0,nan,nan,nan,nan
cross_schedule_cosine_train,400,mpl_plus_fsl_light,wsdcon_3.csv,long_horizon,24000,,0,nan,nan,nan,nan
cross_schedule_cosine_train,400,mpl_plus_fsl_light,wsdcon_18.csv,warmup_or_start,0,2160,0,nan,nan,nan,nan
cross_schedule_cosine_train,400,mpl_plus_fsl_light,wsdcon_18.csv,post_warmup_stable,2160,20000,109,0.0051755819222958155,0.003586095323096741,0.0011743918835130365,-0.0032460968392260515
cross_schedule_cosine_train,400,mpl_plus_fsl_light,wsdcon_18.csv,decay,20000,24000,0,nan,nan,nan,nan
cross_schedule_cosine_train,400,mpl_plus_fsl_light,wsdcon_18.csv,long_horizon,24000,,0,nan,nan,nan,nan
